player_name;club;position;height_cm;weight_kg;age;nationality;season;matches_played;matches_started;minutes_played;points_scored;tries;penalties_scored;penalty_attempts;penalty_success_rate;conversion_attempts;conversion_success_rate;balls_kicked;meters_kicked;tackles_broken;passes;carries;meters_carried;line_breaks;offloads;drop_success_rate;turnovers_won;interceptions;tackles_made;tackle_success_rate;penalties_conceded;yellow_cards;orange_cards;red_cards
Antoine Dupont;Stade Toulousain;Demi de mêlée;175;85;26;France;2023-2024;14;9;865;30;6;0;0;0;0;0;102;3049;39;561;177;1103;9;31;0;1;0;62;75;4;0;0;0
Antoine Dupont;Stade Toulousain;Demi de mêlée;175;85;27;France;2024-2025;3;2;195;15;3;0;0;0;0;0;26;723;14;138;33;245;1;8;0;0;0;15;79;2;0;0;0
Romain Ntamack;Stade Toulousain;Ouvreur;186;91;24;France;2023-2024;4;3;254;2;0;0;0;0;3;33;14;459;13;59;27;252;3;0;0;0;0;15;79;2;0;0;0
Romain Ntamack;Stade Toulousain;Ouvreur;186;91;25;France;2024-2025;12;12;722;39;4;1;1;100;10;90;53;1463;16;181;53;466;3;6;0;1;0;56;76;3;0;0;0
Thomas Ramos;Stade Toulousain;Arrière;178;87;28;France;2023-2024;13;13;914;155;5;20;20;74;72;76;94;3153;36;201;141;883;12;15;0;0;0;37;62;2;0;0;0
Thomas Ramos;Stade Toulousain;Arrière;178;87;29;France;2024-2025;14;14;1011;219;4;33;33;84;90;82;88;3000;36;203;126;1099;10;23;0;1;2;30;57;4;1;0;0
Juan Cruz Mallia;Stade Toulousain;Arrière;182;89;27;Argentina;2023-2024;15;13;1012;86;6;4;4;66;37;70;54;1561;25;174;108;1070;9;23;0;2;1;52;72;3;1;0;0
Juan Cruz Mallia;Stade Toulousain;Arrière;182;89;28;Argentina;2024-2025;16;15;1126;115;8;7;7;77;41;82;68;1952;17;231;130;939;8;12;0;0;0;80;75;7;0;0;0
Matthis Lebel;Stade Toulousain;Ailier;184;90;24;France;2023-2024;17;15;1148;50;10;0;0;0;0;0;20;576;51;64;158;1499;19;8;0;0;0;27;61;5;0;0;0
Matthis Lebel;Stade Toulousain;Ailier;184;90;25;France;2024-2025;23;18;1478;5;1;0;0;0;0;0;19;499;52;78;137;1255;13;16;0;0;2;61;75;6;1;0;0
Pierre-Louis Barassi;Stade Toulousain;Centre;187;99;25;France;2023-2024;18;12;1025;15;3;0;0;0;0;0;0;0;22;51;86;713;6;10;0;1;0;86;70;2;0;0;0
Pierre-Louis Barassi;Stade Toulousain;Centre;187;99;26;France;2024-2025;14;11;835;20;4;0;0;0;0;0;3;91;31;47;77;710;11;5;0;3;1;85;83;1;0;0;0
Jack Willis;Stade Toulousain;3ème ligne;170;112;26;England ;2023-2024;14;11;780;15;3;0;0;0;0;0;0;0;17;36;126;623;2;12;0;11;1;105;83;10;1;0;0
Jack Willis;Stade Toulousain;3ème ligne;170;112;27;England ;2024-2025;20;18;1162;40;8;0;0;0;0;0;1;0;38;72;232;1181;5;22;0;28;1;131;78;12;1;0;0
François Cros;Stade Toulousain;3ème ligne;190;111;29;France ;2023-2024;12;10;778;0;0;0;0;0;0;0;0;0;11;35;62;295;0;4;0;1;0;104;88;4;0;0;0
François Cros;Stade Toulousain;3ème ligne;190;111;30;France;2024-2025;13;12;700;0;0;0;0;0;0;0;0;0;11;28;59;337;2;1;0;2;0;75;80;6;0;0;0
Emmanuel Meafou;Stade Toulousain;2ème ligne;203;145;25;France;2023-2024;14;9;741;25;5;0;0;0;0;0;0;0;12;74;117;549;1;17;0;2;0;83;88;7;0;0;0
Emmanuel Meafou;Stade Toulousain;2ème ligne;203;145;26;France ;2024-2025;16;8;712;5;1;0;0;0;0;0;0;0;9;53;99;475;0;10;0;3;0;69;78;7;1;0;0
Peato Mauvaka;Stade Toulousain;Talonneur;184;112;26;France;2023-2024;12;6;512;25;5;0;0;0;0;0;1;22;10;30;59;321;1;3;0;3;0;60;80;2;0;0;0
Peato Mauvaka;Stade Toulousain;Talonneur;184;112;27;France;2024-2025;9;6;402;25;5;0;0;0;0;0;0;0;5;30;42;174;0;4;0;1;0;49;86;6;0;0;0
Cyril Baille;Stade Toulousain;Pilier;182;118;30;France;2023-2024;12;5;473;0;0;0;0;0;0;0;0;0;8;43;85;322;1;11;0;0;0;41;87;2;0;0;0
Cyril Baille;Stade Toulousain;Pilier;182;118;31;France ;2024-2025;9;3;297;0;0;0;0;0;0;0;1;28;4;18;25;128;0;1;0;0;0;41;93;2;0;0;0
Dorian Aldegheri;Stade Toulousain;Pilier;180;119;30;France;2023-2024;13;9;607;0;0;0;0;0;0;0;0;0;1;10;25;87;0;1;0;1;0;49;86;10;0;0;0
Dorian Aldegheri;Stade Toulousain;Pilier;180;119;31;France;2024-2025;19;12;805;0;0;0;0;0;0;0;1;5;2;22;34;138;0;0;0;3;0;68;73;19;2;0;0
Maxime Lucu;Union Bordeaux-Bègles;Demi de mêlée;177;83;30;France;2023-2024;19;17;1324;118;1;23;23;69;68;66;171;5753;24;897;109;428;5;14;0;2;0;154;71;1;0;0;0
Maxime Lucu;Union Bordeaux-Bègles;Demi de mêlée;177;83;31;France;2024-2025;20;16;1244;83;4;15;15;100;19;89;161;5484;20;969;71;400;6;8;0;1;0;149;76;2;0;0;0
Matthieu Jalibert;Union Bordeaux-Bègles;Ouvreur;184;84;25;France ;2023-2024;14;14;975;76;1;12;12;92;34;82;134;4423;24;354;166;1067;6;9;50;0;0;57;58;5;0;0;0
Matthieu Jalibert;Union Bordeaux-Bègles;Ouvreur;184;84;26;France;2024-2025;19;17;1170;153;5;14;14;87;80;71;172;4960;39;381;144;1237;19;33;0;1;2;71;60;4;0;0;0
Cyril Cazeaux;Union Bordeaux-Bègles;3ème ligne;198;117;28;France;2023-2024;15;12;1008;0;0;0;0;0;0;0;0;0;4;47;78;418;1;1;0;0;0;150;85;10;1;0;0
Cyril Cazeaux;Union Bordeaux-Bègles;3ème ligne;198;117;29;France ;2024-2025;24;18;1461;15;3;0;0;0;0;0;3;124;9;64;118;608;1;6;0;1;1;215;83;12;0;0;0
Damian Penaud;Union Bordeaux-Bègles;Ailier;192;95;27;France;2023-2024;16;15;1132;70;14;0;0;0;0;0;32;968;37;82;100;1175;16;12;0;1;3;55;69;4;0;0;0
Damian Penaud;Union Bordeaux-Bègles;Ailier;192;95;28;France;2024-2025;15;15;1107;55;11;0;0;0;0;0;31;911;44;96;105;932;12;28;0;0;4;68;67;1;1;0;0
Yoram Moefana;Union Bordeaux-Bègles;Centre;182;97;23;France;2023-2024;17;16;1318;15;3;0;0;0;0;0;7;83;34;93;139;1091;6;17;0;0;0;132;68;10;0;0;0
Yoram Moefana;Union Bordeaux-Bègles;Centre;182;97;24;France;2024-2025;14;12;840;5;1;0;0;0;0;0;9;169;30;76;96;758;6;13;0;1;1;101;74;4;0;0;1
Louis Bielle-Biarrey;Union Bordeaux-Bègles;Ailier;184;79;20;France ;2023-2024;15;12;1011;25;5;0;0;0;0;0;43;1570;28;88;106;933;10;3;0;1;0;54;67;4;0;0;0
Louis Bielle-Biarrey;Union Bordeaux-Bègles;Ailier;184;79;21;France ;2024-2025;16;16;1160;65;13;0;0;0;0;0;38;1098;31;115;112;1177;19;13;0;0;1;59;69;1;0;0;0
Nicolas Depoortère;Union Bordeaux-Bègles;Centre;193;87;20;France;2023-2024;22;19;1537;30;6;0;0;0;0;0;12;302;34;70;137;1303;12;12;0;2;0;156;75;3;0;0;0
Nicolas Depoortère;Union Bordeaux-Bègles;Centre;193;87;21;France;2024-2025;19;16;1183;45;9;0;0;0;0;0;16;416;25;70;144;1203;12;10;0;2;0;137;75;7;1;0;0
Cameron Woki;Union Bordeaux-Bègles;2ème ligne;197;109;25;France ;2023-2024;17;15;1201;0;0;0;0;0;0;0;2;26;11;110;65;349;2;5;0;7;1;141;80;23;2;0;0
Cameron Woki;Union Bordeaux-Bègles;2ème ligne;197;109;26;France;2024-2025;23;16;1448;25;5;0;0;0;0;0;1;40;22;130;92;698;9;5;0;5;0;178;82;19;4;0;0
Boris Palu;Union Bordeaux-Bègles;3ème ligne;194;113;27;France;2023-2024;22;10;996;0;0;0;0;0;0;0;0;0;16;57;104;510;1;3;0;2;1;140;86;11;1;0;1
Boris Palu;Union Bordeaux-Bègles;3ème ligne;194;113;28;France;2024-2025;23;14;1180;5;1;0;0;0;0;0;1;14;13;67;115;499;0;8;0;2;0;156;90;21;0;0;0
Maxime Lamothe;Union Bordeaux-Bègles;Talonneur;183;109;25;France ;2023-2024;25;19;1303;35;7;0;0;0;0;0;3;99;12;46;114;619;1;2;0;7;0;203;85;9;1;0;0
Maxime Lamothe;Union Bordeaux-Bègles;Talonneur;183;109;26;France;2024-2025;22;14;967;25;5;0;0;0;0;0;4;97;24;54;81;500;2;7;0;1;0;161;83;13;0;0;0
Jefferson Poirot;Union Bordeaux-Bègles;Pilier;181;117;31;France ;2023-2024;19;11;737;10;2;0;0;0;0;0;0;0;0;24;53;224;0;1;0;0;0;121;87;16;0;0;0
Jefferson Poirot;Union Bordeaux-Bègles;Pilier;181;117;33;France;2024-2025;20;15;931;10;2;0;0;0;0;0;0;0;5;23;59;232;1;2;0;3;0;159;85;14;2;0;0
Ihaia West;Stade Rochelais;Ouvreur;175;84;31;New Zealand;2023-2024;23;11;1070;9;0;1;1;25;8;50;58;1606;11;204;67;506;4;6;0;0;1;60;71;1;0;0;0
Ihaia West;Stade Rochelais;Ouvreur;175;84;32;New Zealand;2024-2025;17;9;751;45;0;5;5;71;26;76;55;1861;4;190;28;204;1;1;0;0;0;37;71;2;0;0;0
Nolann Le Garrec;Stade Rochelais;Demi de mêlée;175;75;21;France;2023-2024;19;17;1190;112;7;9;9;69;45;75;124;3217;34;1045;126;661;17;12;0;1;3;73;62;4;0;0;0
Nolann Le Garrec;Stade Rochelais;Demi de mêlée;175;75;22;France;2024-2025;19;18;1398;228;11;37;37;82;85;80;148;4454;29;1104;125;821;12;16;0;0;2;88;63;6;0;0;0
Jules Favre ;Stade Rochelais;Ailier;181;93;24;France;2023-2024;25;21;1573;25;5;0;0;0;0;0;9;243;17;96;115;824;6;4;0;3;0;127;73;7;0;0;0
Jules Favre ;Stade Rochelais;Ailier;181;93;26;France;2024-2025;22;18;1421;10;2;0;0;0;0;0;13;260;21;74;104;789;8;7;0;1;0;110;71;3;0;0;0
Dillyn Leyds;Stade Rochelais;Arrière;183;88;31;South Africa;2023-2024;20;19;1527;37;6;1;1;33;4;50;30;787;30;76;127;1070;13;4;0;1;1;68;65;11;1;0;0
Dillyn Leyds;Stade Rochelais;Arrière;183;88;32;South Africa;2024-2025;21;20;1617;40;8;0;0;0;1;0;44;1493;25;131;139;1234;15;12;0;2;0;68;70;8;1;0;0
Ulupano Seuteni;Stade Rochelais;Centre;187;103;31;Australia;2023-2024;17;17;1234;15;3;0;0;0;0;0;11;280;17;51;75;575;2;6;0;2;0;77;63;3;0;0;0
Ulupano Seuteni;Stade Rochelais;Centre;187;103;31;Australia;2024-2025;18;18;1315;5;1;0;0;0;0;0;8;228;28;112;111;861;6;16;0;0;1;104;73;8;0;0;0
Jack Nowell;Stade Rochelais;Ailier;180;98;30;England ;2023-2024;21;20;1531;15;3;0;0;0;0;0;22;916;46;51;154;1176;5;13;0;1;0;80;66;12;1;0;0
Jack Nowell;Stade Rochelais;Ailier;180;98;31;England ;2024-2025;18;18;1409;20;4;0;0;0;0;0;24;767;62;81;151;1216;13;16;0;2;1;89;81;11;1;0;0
Grégory Alldritt;Stade Rochelais;3ème ligne;191;113;26;France;2023-2024;12;10;828;10;2;0;0;0;0;0;1;9;14;70;140;773;2;4;0;6;0;144;87;5;0;0;0
Grégory Alldritt;Stade Rochelais;3ème ligne;191;113;27;France;2024-2025;15;15;978;5;1;0;0;0;0;0;0;0;36;113;183;826;1;14;0;12;0;127;77;13;0;0;0
Uini Atonio;Stade Rochelais;Pilier;196;145;33;New Zealand;2023-2024;15;10;705;5;1;0;0;0;0;0;0;0;3;34;51;232;0;2;0;1;0;49;78;10;0;0;1
Uini Atonio;Stade Rochelais;Pilier;196;145;34;New Zealand;2024-2025;16;12;734;0;0;0;0;0;0;0;1;1;3;34;70;279;0;1;0;0;0;46;75;17;0;0;0
Will Skelton;Stade Rochelais;2ème ligne;203;145;31;New Zealand;2023-2024;14;12;934;5;1;0;0;0;0;0;0;0;32;53;120;712;4;12;0;3;0;95;85;14;1;0;0
Will Skelton;Stade Rochelais;2ème ligne;203;145;32;New Zealand;2024-2025;20;17;1222;5;1;0;0;0;0;0;0;0;25;64;143;646;3;24;0;6;0;116;84;15;2;0;0
Pierre Bourgarit;Stade Rochelais;Talonneur;184;108;26;France;2023-2024;4;2;218;15;3;0;0;0;0;0;1;37;0;5;25;117;2;1;0;1;0;20;69;2;1;0;0
Pierre Bourgarit;Stade Rochelais;Talonneur;184;108;27;France;2024-2025;9;5;422;15;3;0;0;0;0;0;0;0;12;23;52;309;4;0;0;5;0;57;88;5;1;0;0
Baptiste Serin;RC Toulon;Demi de mêlée;182;83;29;France;2023-2024;17;11;913;23;3;2;2;66;6;50;143;3868;17;535;86;391;6;6;0;1;1;99;75;9;0;0;0
Baptiste Serin;RC Toulon;Demi de mêlée;182;83;30;France;2024-2025;24;19;1354;101;7;12;12;85;32;84;223;6556;29;965;121;646;9;17;0;2;3;165;85;16;2;0;0
Melvyn Jaminet;RC Toulon;Ouvreur;180;80;24;France;2023-2024;15;15;1360;225;4;49;49;144;97;134;143;5406;40;124;201;1767;14;23;0;0;0;22;58;3;0;0;0
Melvyn Jaminet;RC Toulon;Ouvreur;180;80;25;France;2024-2025;11;7;594;110;4;16;16;66;47;78;68;2899;26;42;77;735;11;3;0;0;0;10;50;2;0;0;0
Gabin Villière;RC Toulon;Ailier;180;88;27;France;2023-2024;13;13;1019;30;6;0;0;0;0;0;10;262;31;40;88;761;5;10;0;8;3;75;67;11;1;0;0
Gabin Villière;RC Toulon;Ailier;180;88;28;France;2024-2025;16;15;1091;20;4;0;0;0;0;0;14;310;50;48;99;919;12;22;0;5;1;84;67;16;0;0;0
Gaël Drean;RC Toulon;Ailier;184;84;23;France;2023-2024;17;17;1301;30;6;0;0;0;0;0;11;351;23;32;94;1003;17;2;0;1;1;84;72;4;0;0;0
Gaël Drean;RC Toulon;Ailier;184;84;24;France;2024-2025;16;16;1215;60;12;0;0;0;0;0;13;468;32;19;79;814;14;6;0;2;0;54;61;5;0;0;0
Jean Baptiste Gros;RC Toulon;Pilier;186;112;24;France;2023-2024;12;6;502;0;0;0;0;0;0;0;0;0;5;7;43;185;0;0;0;0;0;83;85;10;1;0;0
Jean Baptiste Gros;RC Toulon;Pilier;186;112;25;France;2024-2025;13;10;610;0;0;0;0;0;0;0;0;0;3;12;44;211;1;4;0;0;0;95;86;10;0;0;1
Setariki Tuicuvu;RC Toulon;Centre;175;94;28;Fiji;2023-2024;25;20;1519;30;6;0;0;0;0;0;15;463;31;67;107;943;8;9;0;4;1;106;72;7;1;0;0
Setariki Tuicuvu;RC Toulon;Centre;175;94;29;Fiji;2024-2025;21;11;1123;25;5;0;0;0;0;0;15;408;35;55;106;904;11;17;0;1;1;64;70;4;0;0;0
Charles Ollivon;RC Toulon;3ème ligne;199;114;30;France;2023-2024;12;11;841;5;1;0;0;0;0;0;0;0;10;70;94;466;4;12;0;0;0;129;82;9;1;0;0
Charles Ollivon;RC Toulon;3ème ligne;199;114;31;France;2024-2025;11;10;693;0;0;0;0;0;0;0;0;0;11;50;67;372;3;8;0;0;0;126;81;13;2;0;0
Komiti Junior Alainuuese;RC Toulon;2ème ligne;202;136;29;Samoa;2023-2024;19;14;1063;10;2;0;0;0;0;0;1;0;5;57;121;558;1;22;0;1;0;118;78;8;0;0;1
Komiti Junior Alainuuese;RC Toulon;2ème ligne;202;136;30;Samoa;2024-2025;22;12;1125;10;2;0;0;0;0;0;2;97;8;56;114;479;0;15;0;1;0;147;82;10;0;0;0
Esteban Abadie;RC Toulon;3ème ligne;188;100;25;France;2023-2024;17;16;1260;5;1;0;0;0;0;0;3;52;11;102;82;462;4;4;0;7;1;149;83;8;0;0;0
Esteban Abadie;RC Toulon;3ème ligne;188;100;26;France;2024-2025;22;20;1635;5;1;0;0;0;0;0;3;39;16;144;109;517;6;16;0;3;2;211;81;18;2;0;0
Beka Gigashvili;RC Toulon;Pilier;179;116;31;Georgia;2023-2024;21;17;1150;5;1;0;0;0;0;0;0;0;11;40;105;484;2;2;0;3;0;186;82;16;0;0;0
Beka Gigashvili;RC Toulon;Pilier;179;116;32;Georgia;2024-2025;15;12;769;10;2;0;0;0;0;0;0;0;6;24;64;305;0;2;0;1;0;117;80;6;0;0;0
Romain Buros;Union Bordeaux-Bègles;Arrière;187;90;26;France;2023-2024;23;21;1610;25;5;0;0;0;0;0;101;3687;38;133;230;1739;13;21;0;2;0;55;59;2;0;0;0
Romain Buros;Union Bordeaux-Bègles;Arrière;187;90;27;France ;2024-2025;17;16;1154;30;6;0;0;0;0;0;45;1637;22;141;154;1209;11;25;0;0;0;53;72;1;0;0;0
Paul Costes;Stade Toulousain;Centre;182;85;20;France;2023-2024;16;8;778;5;1;0;0;0;0;0;9;188;25;67;95;778;5;17;0;1;0;74;69;10;1;0;0
Paul Costes;Stade Toulousain;Centre;182;85;21;France ;2024-2025;18;14;1023;10;2;0;0;0;0;0;11;186;29;96;99;932;6;11;0;1;0;88;76;9;1;0;0
Max Spring;Racing 92;Arrière;173;75;22;France;2023-2024;21;16;1300;10;2;0;0;0;0;0;69;2345;45;303;162;1338;8;7;0;1;1;50;60;4;0;0;0
Max Spring;Racing 92;Arrière;173;75;23;France;2024-2025;22;18;1415;10;2;0;0;0;0;0;72;2397;69;113;173;1873;26;10;0;1;3;66;54;3;0;0;0
Vinaya Habosi;Racing 92;Ailier;184;100;23;France;2023-2024;10;9;632;5;1;0;0;0;0;0;7;217;25;12;61;643;2;4;0;4;0;35;74;3;0;0;0
Vinaya Habosi;Racing 92;Ailier;184;100;24;France;2024-2025;19;17;1324;15;3;0;0;0;0;0;10;265;45;36;153;1284;9;14;0;4;0;88;66;18;2;0;0
Josua Tuisova;Racing 92;Ailier;180;113;29;Fiji;2023-2024;5;5;363;10;2;0;0;0;0;0;0;0;10;18;48;422;4;5;0;0;1;16;76;1;0;0;0
Josua Tuisova;Racing 92;Ailier;180;113;30;Fiji;2024-2025;23;22;1560;15;3;0;0;0;0;0;6;212;82;60;186;1889;18;17;0;7;0;117;74;13;1;0;0
Gael Fickou;Racing 92;Centre;190;99;29;France;2023-2024;15;14;1119;10;2;0;0;0;0;0;14;475;27;94;100;889;4;9;0;3;0;107;75;9;0;0;0
Gael Fickou;Racing 92;Centre;190;99;30;France;2024-2025;20;17;1383;27;5;0;0;0;1;100;14;284;36;129;118;957;8;16;0;5;2;143;76;11;1;0;0
Ibrahim Diallo;Racing 92;3ème ligne;192;108;25;France;2023-2024;18;12;984;0;0;0;0;0;0;0;0;0;18;42;78;419;0;1;0;1;0;147;86;13;1;0;0
Ibrahim Diallo;Racing 92;3ème ligne;192;108;26;France;2024-2025;22;18;1349;10;2;0;0;0;0;0;0;0;19;43;128;716;3;1;0;2;0;213;82;17;1;0;1
Maxime Baudonne;Racing 92;3ème ligne;190;95;21;France;2023-2024;25;13;1157;20;4;0;0;0;0;0;2;15;6;93;92;551;1;4;0;4;0;176;84;9;0;0;0
Maxime Baudonne;Racing 92;3ème ligne;190;95;22;France;2024-2025;22;16;1271;20;4;0;0;0;0;0;2;79;11;91;91;465;6;3;0;5;0;203;85;14;0;0;0
Hassan Kolingar;Racing 92;Talonneur;184;115;25;France;2023-2024;21;15;1020;0;0;0;0;0;0;0;0;0;16;24;87;375;0;4;0;1;0;171;83;18;2;0;0
Hassan Kolingar;Racing 92;Talonneur;184;115;26;France;2024-2025;14;6;547;0;0;0;0;0;0;0;0;0;14;7;53;240;0;0;0;0;0;97;84;15;0;0;0
Romain Taofifenua;Racing 92;2ème ligne;203;138;33;France;2023-2024;15;12;834;10;2;0;0;0;0;0;1;28;8;37;71;317;0;9;0;6;0;102;78;9;1;0;1
Romain Taofifenua;Racing 92;2ème ligne;203;138;34;France;2024-2025;19;11;839;20;4;0;0;0;0;0;0;0;11;53;118;506;1;14;0;7;0;114;83;11;3;0;0
Sébastien Bézy;ASM Clermont;Demi de mêlée;174;76;31;France;2023-2024;22;15;1131;0;0;0;0;0;0;0;133;3343;19;932;97;452;3;9;0;3;1;95;71;4;0;0;0
Sébastien Bézy;ASM Clermont;Demi de mêlée;174;76;32;France;2024-2025;25;10;936;10;1;1;1;100;2;100;115;2592;10;675;55;326;4;8;0;3;0;83;74;4;1;0;0
Selevasio Tolofua;ASM Clermont;Centre;186;116;26;France;2023-2024;21;13;1080;10;2;0;0;0;0;0;2;28;37;73;151;789;0;13;0;10;0;140;80;10;1;0;0
Selevasio Tolofua;ASM Clermont;Centre;186;116;27;France;2024-2025;14;6;525;5;1;0;0;0;0;0;1;29;24;33;80;440;4;8;0;2;0;81;77;1;0;0;0
Léon Darricarrere;ASM Clermont;Centre;187;98;19;France;2023-2024;17;10;861;15;3;0;0;0;0;0;3;54;21;32;53;472;4;5;0;0;0;53;62;0;0;0;0
Léon Darricarrere;ASM Clermont;Centre;187;98;20;France;2024-2025;17;15;1129;10;2;0;0;0;0;0;7;98;14;51;82;683;4;12;0;0;0;69;61;8;0;0;0
Alex Newsome;ASM Clermont;Arrière;189;93;28;Australia;2023-2024;20;20;1574;10;2;0;0;0;0;0;68;2431;26;134;212;2095;7;22;0;2;0;46;62;4;0;0;0
Alex Newsome;ASM Clermont;Arrière;189;93;29;Australia;2024-2025;20;20;1600;15;3;0;0;0;0;0;44;1298;42;121;180;1693;11;10;0;1;0;41;54;5;0;0;0
Alivereti Raka;ASM Clermont;Ailier;189;94;28;Fiji;2023-2024;18;18;1391;50;10;0;0;0;0;0;25;691;63;45;175;1667;21;12;0;4;1;61;59;7;0;0;0
Alivereti Raka;ASM Clermont;Ailier;189;94;29;Fiji;2024-2025;18;18;1312;35;7;0;0;0;0;0;14;381;42;74;149;1396;18;19;0;1;0;53;62;10;2;0;0
Pita-Gus Sowakula;ASM Clermont;3ème ligne;196;117;29;Fiji;2023-2024;10;8;618;5;1;0;0;0;0;0;2;65;11;51;99;531;2;9;0;2;0;64;75;9;1;0;0
Pita-Gus Sowakula;ASM Clermont;3ème ligne;196;117;30;Fiji;2024-2025;15;14;1107;5;1;0;0;0;0;0;3;133;19;82;166;837;2;27;0;6;0;147;76;6;1;0;0
Etienne Fourcade;ASM Clermont;Talonneur;180;103;26;France;2023-2024;14;9;656;10;2;0;0;0;0;0;0;0;7;29;84;339;1;3;0;1;0;71;70;8;0;0;0
Etienne Fourcade;ASM Clermont;Talonneur;180;103;27;France ;2024-2025;16;8;668;25;5;0;0;0;0;0;1;0;11;37;77;356;3;2;0;2;0;80;76;7;0;0;0
Killian Tixeront;ASM Clermont;3ème ligne;196;107;21;France;2023-2024;22;13;999;5;1;0;0;0;0;0;0;0;6;41;48;274;2;3;0;0;0;134;79;4;0;0;0
Killian Tixeront;ASM Clermont;3ème ligne;196;107;22;France ;2024-2025;24;16;1313;20;4;0;0;0;0;0;0;0;10;66;47;335;3;2;0;1;0;183;77;10;1;0;0
Cristian Ojovan;ASM Clermont;Pilier;183;120;26;Moldova;2023-2024;17;7;555;0;0;0;0;0;0;0;0;0;3;11;57;221;0;0;0;1;0;76;78;13;0;0;0
Cristian Ojovan;ASM Clermont;Pillier;183;120;27;Moldova;2024-2025;26;16;1128;0;0;0;0;0;0;0;0;0;4;15;78;325;0;0;0;1;0;112;81;21;1;0;0
Thomas Ceyte;ASM Clermont;2ème ligne;196;117;32;France;2023-2024;22;20;1416;10;2;0;0;0;0;0;0;0;8;76;142;773;7;16;0;2;1;158;77;28;1;0;0
Thomas Ceyte;ASM Clermont;2ème ligne;196;117;33;France;2024-2025;25;22;1602;15;3;0;0;0;0;0;1;31;10;94;143;668;3;21;0;1;1;173;75;31;1;0;0
Thibaud Flament;Stade Toulousain;2ème ligne;203;116;26;France;2023-2024;12;11;809;0;0;0;0;0;0;0;0;0;3;51;89;412;2;5;0;0;0;86;83;7;0;0;0
Thibaud Flament;Stade Toulousain;2ème ligne;203;116;27;France;2024-2025;17;11;879;10;2;0;0;0;0;0;0;0;5;72;89;488;1;7;0;1;0;78;80;8;0;0;0
Brad Weber;Stade Français;Demi de mêlée;172;75;32;New Zealand;2023-2024;19;13;970;0;0;0;0;0;0;0;102;2074;24;705;58;302;5;8;0;2;1;83;69;3;2;0;0
Brad Weber;Stade Français;Demi de mêlée;172;75;33;New Zealand;2024-2025;14;12;940;15;3;0;0;0;0;0;90;1970;16;702;54;368;3;7;0;0;0;69;70;3;0;0;0
Louis Carbonel;Stade Français;Ouvreur;180;82;24;France;2023-2024;25;22;1621;204;1;38;38;70;98;76;143;4465;29;366;144;1015;7;7;20;2;0;122;66;2;0;0;0
Louis Carbonel;Stade Français;Ouvreur;180;82;25;France;2024-2025;17;14;1029;137;2;24;24;75;66;75;119;3927;18;228;66;490;2;3;33;1;0;68;62;2;0;0;0
Léo Barré;Stade Français;Ailier;189;89;21;France;2023-2024;24;18;1574;16;2;0;0;0;4;75;132;4654;55;150;217;1884;12;17;0;0;0;48;63;1;0;0;0
Léo Barré;Stade Français;Ailier;189;89;22;France;2024-2025;21;17;1349;5;1;0;0;0;0;0;98;3345;59;156;177;1565;5;29;0;1;1;36;55;4;0;0;0
Peniasi Dakuwaqa;Stade Français;Arrière;186;95;26;Fiji;2023-2024;15;11;904;30;6;0;0;0;0;0;8;160;26;21;63;918;16;7;0;0;0;53;54;8;2;0;0
Peniasi Dakuwaqa;Stade Français;Arrière;186;95;27;Fiji;2024-2025;13;11;927;30;6;0;0;0;0;0;14;308;22;28;66;731;14;9;0;0;0;54;61;7;0;0;0
Samuel Ezeala;Stade Français;Centre;187;99;23;Spain;2023-2024;17;16;1153;45;9;0;0;0;0;0;5;145;24;26;95;924;12;6;0;0;3;61;68;4;0;0;0
Samuel Ezeala;Stade Français;Centre;187;99;24;Spain;2024-2025;22;15;1245;20;4;0;0;0;0;0;13;407;27;28;78;763;9;3;0;0;0;90;66;8;2;0;0
Paul Gabrillagues;Stade Français;2ème ligne;197;106;30;France;2023-2024;21;18;1393;0;0;0;0;0;0;0;0;0;6;60;79;272;1;7;0;2;0;215;89;11;1;0;0
Paul Gabrillagues;Stade Français;2ème ligne;197;106;31;France;2024-2025;25;22;1808;5;1;0;0;0;0;0;0;0;12;77;113;419;0;5;0;1;0;230;87;7;0;0;0
Tanginoa Halaifonua;Stade Français;3ème ligne;196;115;27;Tonga;2023-2024;20;15;1161;0;0;0;0;0;0;0;1;6;14;31;127;620;1;4;0;8;0;147;75;16;1;0;1
Tanginoa Halaifonua;Stade Français;3ème ligne;196;115;28;Tonga;2024-2025;21;19;1394;5;1;0;0;0;0;0;0;0;18;44;157;824;2;11;0;3;0;143;75;16;2;0;0
Lucas Peyresblanques;Stade Français;Talonneur;181;96;25;France;2023-2024;22;7;826;35;7;0;0;0;0;0;2;36;17;25;96;489;3;11;0;7;1;120;82;6;0;0;0
Lucas Peyresblanques;Stade Français;Talonneur;181;96;26;France;2024-2025;24;14;1023;20;4;0;0;0;0;0;2;64;22;38;115;587;3;8;0;4;0;138;79;7;1;0;0
Maxime Machenaud;Aviron Bayonnais;Demi de mêlée;174;87;34;France;2023-2024;22;15;1063;27;3;2;2;100;7;71;101;2780;4;832;46;165;2;6;0;3;0;79;60;7;1;0;0
Maxime Machenaud;Aviron Bayonnais;Demi de mêlée;174;87;35;France;2024-2025;20;11;874;10;2;0;0;0;0;0;61;1356;4;670;46;203;1;11;0;3;0;90;73;8;0;0;0
Joris Segonds;Aviron Bayonnais;Ouvreur;180;89;26;France;2023-2024;23;16;1274;147;1;31;31;70;73;69;187;6650;9;270;88;578;2;8;37;0;0;59;65;3;0;0;0
Joris Segonds;Aviron Bayonnais;Ouvreur;180;89;27;France;2024-2025;28;18;1583;195;1;38;38;74;96;72;213;8482;8;426;69;436;1;6;40;1;0;129;72;4;0;0;0
Tom Spring;Aviron Bayonnais;Arrière;186;87;21;France;2023-2024;17;5;551;10;2;0;0;0;0;0;28;1133;25;28;83;956;9;7;0;0;0;14;52;0;0;0;0
Tom Spring;Aviron Bayonnais;Arrière;186;87;22;France;2024-2025;21;15;1318;20;4;0;0;0;0;0;25;724;42;78;117;1033;12;5;0;0;0;63;60;5;0;0;0
Sireli Maqala;Aviron Bayonnais;Centre;172;88;23;Fiji;2023-2024;7;3;295;5;1;0;0;0;0;0;3;99;9;11;22;228;3;1;0;0;0;23;74;4;1;0;0
Sireli Maqala;Aviron Bayonnais;Centre;172;88;24;Fiji;2024-2025;20;20;1550;55;11;0;0;0;0;0;5;154;77;64;161;1686;21;19;0;13;0;96;65;15;1;0;0
Mateo Carreras;Aviron Bayonnais;Ailier;173;84;23;Spain;2023-2024;8;5;384;5;1;0;0;0;0;0;2;52;18;11;41;370;6;5;0;1;0;30;73;5;0;0;0
Mateo Carreras;Aviron Bayonnais;Ailier;173;84;24;Spain;2024-2025;16;16;1238;15;3;0;0;0;0;0;19;699;78;22;131;1318;13;6;0;2;1;60;62;12;0;0;0
Manu Tuilagi;Aviron Bayonnais;Centre;185;108;32;Great Britain;2023-2024;0;0;0;0;0;0;0;0;0;0;0;0;0;0;0;0;0;0;0;0;0;0;0;0;0;0;0
Manu Tuilagi;Aviron Bayonnais;Centre;185;108;33;Great Britain;2024-2025;20;18;1329;5;1;0;0;0;0;0;3;84;33;81;145;1105;7;5;0;0;3;105;71;10;1;0;0
Esteban Capilla;Aviron Bayonnais;3ème ligne;197;99;20;France;2023-2024;0;0;0;0;0;0;0;0;0;0;0;0;0;0;0;0;0;0;0;0;0;0;0;0;0;0;0
Esteban Capilla;Aviron Bayonnais;3ème ligne;197;99;21;France;2024-2025;15;12;805;15;3;0;0;0;0;0;2;29;24;53;72;451;3;9;0;1;0;144;80;18;3;0;1
Lucas Paulos;Aviron Bayonnais;2ème ligne;199;123;25;Spain;2023-2024;19;15;1087;15;3;0;0;0;0;0;0;0;6;42;99;442;0;2;0;2;0;147;83;13;0;0;0
Lucas Paulos;Aviron Bayonnais;2ème ligne;199;123;26;Spain;2024-2025;20;14;1014;5;1;0;0;0;0;0;0;0;4;35;67;292;0;2;0;4;1;114;81;19;1;0;0
Jérémy Fernandez;Castres Olympique;Demi de mêlée;176;90;26;France;2023-2024;25;14;998;50;7;3;3;60;10;70;110;3222;32;596;110;581;6;9;0;5;0;63;58;5;1;0;0
Jérémy Fernandez;Castres Olympique;Demi de mêlée;176;90;27;France;2024-2025;23;12;999;143;2;31;31;91;59;86;146;4474;10;510;70;266;0;1;0;1;0;88;68;3;0;0;0
Louis Le Brun;Castres Olympique;Ouvreur;188;100;21;France;2023-2024;21;13;999;118;3;25;25;75;54;72;87;2732;26;167;139;1143;8;19;0;3;0;101;72;6;1;0;0
Louis Le Brun;Castres Olympique;Ouvreur;188;100;22;France;2024-2025;23;19;1437;141;4;23;23;65;71;69;139;4068;36;238;154;1159;3;11;0;9;0;160;76;11;3;0;0
Geoffrey Palis;Castres Olympique;Arrière;188;96;32;France;2023-2024;13;11;851;5;1;0;0;0;0;0;13;426;13;26;53;466;8;3;0;0;0;44;57;3;1;0;0
Geoffrey Palis;Castres Olympique;Arrière;188;96;33;France;2024-2025;21;21;1495;35;6;1;1;100;3;66;55;1954;21;56;126;1156;13;6;0;1;2;87;58;13;3;0;0
Rémy Baget;Castres Olympique;Ailier;182;89;26;France;2023-2024;18;16;1240;25;5;0;0;0;0;0;39;929;29;53;89;700;11;11;0;2;1;55;60;11;0;0;0
Rémy Baget;Castres Olympique;Ailier;182;89;27;France;2024-2025;23;23;1689;35;7;0;0;0;0;0;21;589;26;76;101;977;23;20;0;1;2;76;60;10;1;0;0
Elias Goodhue;Castres Olympique;Centre;188;100;28;New Zealand;2023-2024;7;7;446;10;2;0;0;0;0;0;1;0;8;34;32;279;3;5;0;0;0;39;67;1;0;0;0
Elias Goodhue;Castres Olympique;Centre;188;100;29;New Zealand;2024-2025;21;20;1593;0;0;0;0;0;0;0;3;47;28;120;123;928;8;13;0;3;1;162;70;10;0;0;0
Mathieu Babillot;Castres Olympique;3ème ligne;190;110;30;France;2023-2024;19;16;1207;5;1;0;0;0;0;0;2;26;6;60;75;399;4;12;0;11;0;134;79;17;1;0;0
Mathieu Babillot;Castres Olympique;3ème ligne;190;110;31;France;2024-2025;24;23;1799;15;3;0;0;0;0;0;2;68;17;76;121;531;3;7;0;10;0;210;79;19;0;0;0
Loris Zarantonello;Castres Olympique;Talonneur;183;102;23;France;2023-2024;26;6;860;0;0;0;0;0;0;0;2;38;7;24;112;552;4;7;0;6;1;159;87;12;0;0;0
Loris Zarantonello;Castres Olympique;Talonneur;183;102;24;France;2024-2025;18;3;551;5;1;0;0;0;0;0;0;0;5;13;77;319;1;3;0;3;0;112;82;11;0;0;0
Quentin Walcker;Castres Olympique;Pilier;181;105;27;France;2023-2024;7;5;286;0;0;0;0;0;0;0;0;0;0;8;16;76;0;0;0;2;0;38;78;9;1;0;0
Quentin Walcker;Castres Olympique;Pilier;181;105;28;France;2024-2025;23;19;1156;0;0;0;0;0;0;0;0;0;2;31;79;311;0;1;0;4;0;151;82;32;0;0;0
Léo Coly;Montpellier Hérault Rugby;Demi de mêlée;175;76;24;France;2023-2024;19;9;797;21;0;5;5;83;13;61;105;2785;17;489;75;303;4;9;0;0;1;71;67;5;1;0;0
Léo Coly;Montpellier Hérault Rugby;Demi de mêlée;175;76;25;France;2024-2025;19;11;935;99;3;18;18;69;46;71;141;3491;8;527;67;365;4;8;0;0;1;75;72;2;0;0;0
Auguste Cadot;Montpellier Hérault Rugby;Ouvreur;181;91;22;France;2023-2024;11;8;551;15;3;0;0;0;0;0;4;26;16;39;28;312;4;3;0;1;0;53;79;2;0;0;0
Auguste Cadot;Montpellier Hérault Rugby;Ouvreur;181;91;23;France;2024-2025;20;14;1072;0;0;0;0;0;0;0;7;169;23;56;78;637;6;8;0;1;1;82;75;1;0;0;0
Tyler Duguid;Montpellier Hérault Rugby;2ème ligne;201;124;23;Canada;2023-2024;25;14;1227;5;1;0;0;0;0;0;0;0;5;29;143;616;0;4;0;3;0;209;84;16;2;0;0
Tyler Duguid;Montpellier Hérault Rugby;2ème ligne;201;124;24;Canada;2024-2025;24;18;1456;5;1;0;0;0;0;0;0;0;10;33;166;700;1;8;0;2;0;204;82;14;1;0;0
Madosha Tambwe;Montpellier Hérault Rugby;Ailier;186;92;26;Democratic Republic of the Congo;2023-2024;14;12;945;35;7;0;0;0;0;0;9;328;59;44;112;1405;18;5;0;0;0;47;64;5;1;0;0
Madosha Tambwe;Montpellier Hérault Rugby;Ailier;186;92;27;Democratic Republic of the Congo;2024-2025;12;12;934;15;3;0;0;0;0;0;16;436;27;22;61;580;6;1;0;0;1;44;56;8;2;0;0
Arthur Vincent;Montpellier Hérault Rugby;Centre;182;92;24;France;2023-2024;19;16;1301;15;3;0;0;0;0;0;2;84;21;71;122;971;10;3;0;0;0;96;64;6;0;0;0
Arthur Vincent;Montpellier Hérault Rugby;Centre;182;92;25;France;2024-2025;23;17;1395;20;4;0;0;0;0;0;6;180;23;99;122;839;7;11;0;3;2;188;67;8;0;0;0
Alexandre Bécognée;Montpellier Hérault Rugby;3ème ligne;188;105;26;France;2023-2024;21;13;1040;5;1;0;0;0;0;0;2;59;15;51;143;686;1;2;0;5;0;173;82;13;0;0;0
Alexandre Bécognée;Montpellier Hérault Rugby;3ème ligne;188;105;27;France;2024-2025;23;17;1478;5;1;0;0;0;0;0;2;36;6;56;124;521;1;6;0;12;0;258;85;16;1;0;0
Yacouba Camara;Montpellier Hérault Rugby;3ème ligne;195;112;29;France;2023-2024;19;16;1033;0;0;0;0;0;0;0;0;0;7;51;73;318;2;5;0;6;0;162;86;15;0;0;0
Yacouba Camara;Montpellier Hérault Rugby;3ème ligne;195;112;30;France;2024-2025;23;18;1322;5;1;0;0;0;0;0;0;0;6;71;88;331;1;14;0;9;0;170;85;18;3;0;0
Baptiste Erdocio;Montpellier Hérault Rugby;Pillier;172;115;23;France;2023-2024;26;16;1086;5;1;0;0;0;0;0;0;0;7;46;62;235;1;5;0;8;0;162;84;19;0;0;0
Baptiste Erdocio;Montpellier Hérault Rugby;Pilier;172;115;24;France;2024-2025;20;14;962;5;1;0;0;0;0;0;0;0;4;33;56;221;1;7;0;3;0;130;86;17;2;0;0
Juita Wainiqolo;Lou Rugby;Ailier;187;97;24;Fiji;2023-2024;15;8;754;30;6;0;0;0;0;0;4;98;29;40;51;502;10;8;0;2;1;60;69;3;0;0;0
Juita Wainiqolo;Lou Rugby;Ailier;187;97;25;Fiji;2024-2025;14;13;1042;45;9;0;0;0;0;0;13;422;74;63;92;1267;16;18;0;0;0;47;72;4;0;0;0
Thomas Moukoro;Lou Rugby;Pilier;185;121;21;France;2023-2024;3;2;135;0;0;0;0;0;0;0;0;0;1;10;21;83;0;2;0;0;0;12;75;0;0;0;0
Thomas Moukoro;Lou Rugby;Pilier;185;121;22;France;2024-2025;19;7;693;45;9;0;0;0;0;0;0;0;8;19;71;324;1;4;0;1;0;74;84;8;1;0;0
Samuel Simmonds;Lou Rugby;3ème ligne;184;108;29;Great Britain;2023-2024;20;15;1316;15;3;0;0;0;0;0;1;35;53;72;197;1488;7;10;0;2;0;168;79;3;0;0;0
Samuel Simmonds;Lou Rugby;3ème ligne;184;108;30;Great Britain;2024-2025;17;7;717;10;2;0;0;0;0;0;1;31;21;28;81;600;2;4;0;1;0;95;88;2;0;0;0